Regiao,municipio,total_dias,dias_bons,dias_aceitaveis,dias_marginais,extremos,percentual_extremos,calor_extremo,frio_extremo,chuva_extrema,neve,uv_extremo,media_score,media_score_continuous,media_maxtemp,media_mintemp,media_totalSnow_cm,media_sunHour,media_uvIndex,media_FeelsLikeC,media_HeatIndexC,media_WindChillC,media_humidity,media_precipMM,media_tempC,classificacao_geral,classificacao_geral_continuous
Alentejo,Alandroal,"366,00","93,00","34,00","239,00","43,00","11,75","43,00","0,00","0,00","0,00","5,00","45,26","35,65","23,20","11,76","0,00","9,35","4,31","16,20","16,92","16,21","67,31","2,19","23,20",Marginal,Marginal
Alentejo,Alcacer do Sal,"366,00","145,00","57,00","164,00","9,00","2,46","5,00","0,00","4,00","0,00","0,00","58,02","42,77","22,02","13,43","0,00","9,50","4,35","16,75","17,42","16,68","71,64","2,51","22,02",Aceitável,Marginal
Alentejo,Aljustrel,"366,00","99,00","37,00","230,00","47,00","12,84","46,00","0,00","1,00","0,00","8,00","47,32","36,55","23,85","12,76","0,00","9,58","4,51","17,17","17,77","17,17","65,46","2,01","23,85",Marginal,Marginal
Alentejo,Almeirim,"366,00","128,00","39,00","199,00","24,00","6,56","22,00","1,00","1,00","0,00","1,00","52,68","39,27","22,91","12,00","0,00","9,39","4,27","16,24","16,83","16,20","71,00","2,44","22,91",Aceitável,Marginal
Alentejo,Almodovar,"366,00","119,00","61,00","186,00","8,00","2,19","2,00","0,00","6,00","0,00","1,00","54,57","39,84","22,10","14,14","0,00","10,08","4,57","17,53","18,11","17,35","68,39","2,81","22,10",Aceitável,Marginal
Alentejo,Alpiarca,"366,00","128,00","39,00","199,00","24,00","6,56","22,00","1,00","1,00","0,00","1,00","52,68","39,27","22,91","12,00","0,00","9,39","4,27","16,24","16,83","16,20","71,00","2,44","22,91",Aceitável,Marginal
Alentejo,Alter do Chao,"366,00","70,00","35,00","261,00","30,00","8,20","30,00","0,00","0,00","0,00","6,00","41,01","33,62","21,24","11,75","0,00","9,39","4,18","15,50","16,09","15,55","66,71","2,15","21,24",Marginal,Marginal
Alentejo,Alvito,"366,00","149,00","26,00","191,00","8,00","2,19","5,00","0,00","3,00","0,00","0,00","54,29","41,01","21,60","11,04","0,00","9,17","3,91","15,18","15,79","15,17","75,24","3,01","21,60",Aceitável,Marginal
Alentejo,Arraiolos,"366,00","106,00","33,00","227,00","36,00","9,84","36,00","0,00","0,00","0,00","4,00","47,09","36,34","23,35","11,47","0,00","9,26","4,23","16,16","16,82","16,15","69,18","2,34","23,35",Marginal,Marginal
Alentejo,Arronches,"366,00","70,00","35,00","261,00","30,00","8,20","30,00","0,00","0,00","0,00","6,00","41,01","33,62","21,24","11,75","0,00","9,36","4,18","15,50","16,09","15,55","66,71","2,15","21,24",Marginal,Marginal
Alentejo,Avis,"366,00","222,00","33,00","111,00","4,00","1,09","1,00","3,00","0,00","0,00","0,00","69,49","47,66","26,64","13,48","0,00","10,83","5,07","19,26","19,45","19,43","31,87","1,01","26,64",Bom,Marginal
Alentejo,Azambuja,"366,00","146,00","37,00","183,00","10,00","2,73","8,00","0,00","2,00","0,00","0,00","56,76","42,38","21,87","12,71","0,00","9,60","4,22","16,11","16,76","16,08","72,35","2,25","21,87",Aceitável,Marginal
Alentejo,Barrancos,"366,00","94,00","23,00","249,00","60,00","16,39","57,00","1,00","2,00","0,00","9,00","44,62","34,83","23,83","11,57","0,00","9,66","4,43","16,81","17,26","16,85","64,31","2,17","23,83",Marginal,Marginal
Alentejo,Beja,"366,00","99,00","37,00","230,00","47,00","12,84","46,00","0,00","1,00","0,00","8,00","47,32","36,56","23,85","12,76","0,00","9,58","4,51","17,17","17,77","17,17","65,46","2,01","23,85",Marginal,Marginal
Alentejo,Benavente,"366,00","146,00","37,00","183,00","10,00","2,73","8,00","0,00","2,00","0,00","0,00","56,76","42,38","21,87","12,71","0,00","9,59","4,22","16,11","16,76","16,08","72,35","2,25","21,87",Aceitável,Marginal
Alentejo,Borba,"366,00","93,00","34,00","239,00","43,00","11,75","43,00","0,00","0,00","0,00","5,00","45,26","35,65","23,20","11,76","0,00","9,35","4,31","16,20","16,92","16,21","67,31","2,19","23,20",Marginal,Marginal
Alentejo,Campo Maior,"366,00","95,00","27,00","244,00","68,00","18,58","66,00","2,00","0,00","0,00","23,00","45,79","36,07","24,32","12,39","0,00","9,71","4,61","17,31","17,92","17,37","61,57","1,86","24,32",Marginal,Marginal
Alentejo,Cartaxo,"366,00","128,00","39,00","199,00","24,00","6,56","22,00","1,00","1,00","0,00","1,00","52,68","39,27","22,91","12,00","0,00","9,39","4,27","16,24","16,83","16,20","71,00","2,44","22,91",Aceitável,Marginal
Alentejo,Castelo de Vide,"366,00","70,00","35,00","261,00","30,00","8,20","30,00","0,00","0,00","0,00","6,00","41,01","33,62","21,24","11,75","0,00","9,39","4,18","15,50","16,09","15,55","66,71","2,15","21,24",Marginal,Marginal
Alentejo,Castro Verde,"366,00","99,00","37,00","230,00","47,00","12,84","46,00","0,00","1,00","0,00","8,00","47,32","36,56","23,85","12,76","0,00","9,59","4,51","17,17","17,77","17,17","65,46","2,01","23,85",Marginal,Marginal
Alentejo,Chamusca,"366,00","71,00","31,00","264,00","46,00","12,57","4,00","33,00","7,00","9,00","0,00","37,66","30,74","17,46","7,49","0,08","9,12","3,34","11,20","12,07","11,20","70,17","4,44","17,46",Marginal,Marginal
Alentejo,Coruche,"366,00","128,00","39,00","199,00","24,00","6,56","22,00","1,00","1,00","0,00","1,00","52,68","39,27","22,91","12,00","0,00","9,37","4,27","16,24","16,83","16,20","71,00","2,44","22,91",Aceitável,Marginal
Alentejo,Crato,"366,00","70,00","35,00","261,00","30,00","8,20","30,00","0,00","0,00","0,00","6,00","41,01","33,62","21,24","11,75","0,00","9,40","4,18","15,50","16,09","15,55","66,71","2,15","21,24",Marginal,Marginal
Alentejo,Cuba,"366,00","99,00","37,00","230,00","47,00","12,84","46,00","0,00","1,00","0,00","8,00","47,32","36,56","23,85","12,76","0,00","9,58","4,51","17,17","17,77","17,17","65,46","2,01","23,85",Marginal,Marginal
Alentejo,Elvas,"366,00","95,00","27,00","244,00","68,00","18,58","66,00","2,00","0,00","0,00","23,00","45,79","36,07","24,32","12,39","0,00","9,71","4,61","17,31","17,92","17,37","61,57","1,86","24,32",Marginal,Marginal
Alentejo,Estremoz,"366,00","93,00","34,00","239,00","43,00","11,75","43,00","0,00","0,00","0,00","5,00","45,28","35,66","23,20","11,76","0,00","9,34","4,31","16,20","16,92","16,21","67,31","2,19","23,20",Marginal,Marginal
Alentejo,Evora,"366,00","93,00","34,00","239,00","43,00","11,75","43,00","0,00","0,00","0,00","5,00","45,28","35,66","23,20","11,76","0,00","9,34","4,31","16,20","16,92","16,21","67,31","2,19","23,20",Marginal,Marginal
Alentejo,Ferreira do Alentejo,"366,00","99,00","37,00","230,00","47,00","12,84","46,00","0,00","1,00","0,00","8,00","47,32","36,56","23,85","12,76","0,00","9,58","4,51","17,17","17,77","17,17","65,46","2,01","23,85",Marginal,Marginal
Alentejo,Fronteira,"366,00","70,00","35,00","261,00","30,00","8,20","30,00","0,00","0,00","0,00","6,00","41,01","33,62","21,24","11,75","0,00","9,36","4,18","15,50","16,09","15,55","66,71","2,15","21,24",Marginal,Marginal
Alentejo,Gaviao,"366,00","132,00","70,00","164,00","5,00","1,37","1,00","0,00","4,00","0,00","0,00","57,77","41,21","22,28","14,13","0,00","10,05","4,57","17,58","18,11","17,43","69,22","2,33","22,28",Aceitável,Marginal
Alentejo,Golega,"366,00","125,00","38,00","203,00","27,00","7,38","22,00","0,00","5,00","0,00","1,00","51,34","37,86","22,90","11,72","0,00","9,23","4,22","16,06","16,61","16,01","71,96","2,86","22,90",Aceitável,Marginal
Alentejo,Grandola,"366,00","169,00","32,00","165,00","2,00","0,55","0,00","0,00","2,00","0,00","0,00","61,50","41,65","18,80","14,73","0,00","9,87","4,26","16,21","16,83","16,20","76,28","2,09","18,80",Bom,Marginal
Alentejo,Marvao,"366,00","166,00","17,00","183,00","8,00","2,19","2,00","0,00","6,00","0,00","0,00","56,75","42,33","20,99","11,56","0,00","9,26","4,00","15,18","15,89","15,17","75,65","3,37","20,99",Aceitável,Marginal
Alentejo,Mertola,"366,00","99,00","37,00","230,00","47,00","12,84","46,00","0,00","1,00","0,00","8,00","47,32","36,56","23,85","12,76","0,00","9,58","4,51","17,17","17,77","17,17","65,46","2,01","23,85",Marginal,Marginal
Alentejo,Monforte,"366,00","70,00","35,00","261,00","30,00","8,20","30,00","0,00","0,00","0,00","6,00","41,01","33,62","21,24","11,75","0,00","9,35","4,18","15,50","16,09","15,55","66,71","2,15","21,24",Marginal,Marginal
Alentejo,Montemor-o-Novo,"366,00","106,00","33,00","227,00","36,00","9,84","36,00","0,00","0,00","0,00","4,00","47,09","36,34","23,35","11,47","0,00","9,28","4,23","16,16","16,82","16,15","69,18","2,34","23,35",Marginal,Marginal
Alentejo,Mora,"366,00","79,00","33,00","254,00","41,00","11,20","11,00","30,00","0,00","0,00","0,00","41,92","33,32","19,49","8,87","0,00","9,45","3,66","12,87","13,71","12,92","65,54","2,00","19,49",Marginal,Marginal
Alentejo,Moura,"366,00","99,00","37,00","230,00","47,00","12,84","46,00","0,00","1,00","0,00","8,00","47,32","36,55","23,85","12,76","0,00","9,58","4,51","17,17","17,77","17,17","65,46","2,01","23,85",Marginal,Marginal
Alentejo,Mourao,"366,00","138,00","17,00","211,00","5,00","1,37","0,00","0,00","5,00","0,00","0,00","53,21","40,34","18,30","13,08","0,00","8,99","3,93","15,00","15,75","14,97","77,14","4,01","18,30",Aceitável,Marginal
Alentejo,Nisa,"366,00","70,00","35,00","261,00","30,00","8,20","30,00","0,00","0,00","0,00","6,00","41,01","33,62","21,24","11,75","0,00","9,41","4,18","15,50","16,09","15,55","66,71","2,15","21,24",Marginal,Marginal
Alentejo,Odemira,"366,00","106,00","58,00","202,00","13,00","3,55","10,00","0,00","3,00","0,00","3,00","50,15","39,32","21,22","12,38","0,00","9,88","4,19","15,79","16,40","15,73","70,44","2,53","21,22",Aceitável,Marginal
Alentejo,Ourique,"366,00","106,00","58,00","202,00","13,00","3,55","10,00","0,00","3,00","0,00","3,00","50,13","39,31","21,22","12,38","0,00","9,88","4,19","15,79","16,40","15,73","70,44","2,53","21,22",Aceitável,Marginal
Alentejo,Ponte de Sor,"366,00","109,00","34,00","223,00","34,00","9,29","32,00","1,00","1,00","0,00","2,00","47,70","36,47","23,24","11,44","0,00","9,20","4,20","16,06","16,61","16,04","69,93","2,77","23,24",Marginal,Marginal
Alentejo,Portalegre,"366,00","70,00","35,00","261,00","30,00","8,20","30,00","0,00","0,00","0,00","6,00","41,01","33,62","21,24","11,75","0,00","9,36","4,18","15,50","16,09","15,55","66,71","2,15","21,24",Marginal,Marginal
Alentejo,Portel,"366,00","93,00","34,00","239,00","43,00","11,75","43,00","0,00","0,00","0,00","5,00","45,28","35,66","23,20","11,76","0,00","9,34","4,31","16,20","16,92","16,21","67,31","2,19","23,20",Marginal,Marginal
Alentejo,Redondo,"366,00","93,00","34,00","239,00","43,00","11,75","43,00","0,00","0,00","0,00","5,00","45,26","35,65","23,20","11,76","0,00","9,34","4,31","16,20","16,92","16,21","67,31","2,19","23,20",Marginal,Marginal
Alentejo,Reguengos de Monsaraz,"366,00","93,00","34,00","239,00","43,00","11,75","43,00","0,00","0,00","0,00","5,00","45,26","35,65","23,20","11,76","0,00","9,34","4,31","16,20","16,92","16,21","67,31","2,19","23,20",Marginal,Marginal
Alentejo,Rio Maior,"366,00","178,00","15,00","173,00","2,00","0,55","0,00","0,00","2,00","0,00","0,00","59,47","46,06","19,51","12,98","0,00","9,21","3,95","15,20","16,08","15,19","77,99","2,80","19,51",Aceitável,Marginal
Alentejo,Salvaterra de Magos,"366,00","146,00","37,00","183,00","10,00","2,73","8,00","0,00","2,00","0,00","0,00","56,76","42,38","21,87","12,71","0,00","9,59","4,22","16,11","16,76","16,08","72,35","2,25","21,87",Aceitável,Marginal
Alentejo,Santarem,"366,00","128,00","39,00","199,00","24,00","6,56","22,00","1,00","1,00","0,00","1,00","52,68","39,27","22,91","12,00","0,00","9,39","4,27","16,24","16,83","16,20","71,00","2,44","22,91",Aceitável,Marginal
Alentejo,Santiago do Cacem,"366,00","169,00","32,00","165,00","2,00","0,55","0,00","0,00","2,00","0,00","0,00","61,50","41,65","18,80","14,73","0,00","9,88","4,26","16,21","16,83","16,20","76,28","2,09","18,80",Bom,Marginal
Alentejo,Serpa,"366,00","99,00","37,00","230,00","47,00","12,84","46,00","0,00","1,00","0,00","8,00","47,32","36,56","23,85","12,76","0,00","9,58","4,51","17,17","17,77","17,17","65,46","2,01","23,85",Marginal,Marginal
Alentejo,Sines,"366,00","169,00","32,00","165,00","2,00","0,55","0,00","0,00","2,00","0,00","0,00","61,50","41,65","18,80","14,73","0,00","9,88","4,26","16,21","16,83","16,20","76,28","2,09","18,80",Bom,Marginal
Alentejo,Sousel,"366,00","93,00","34,00","239,00","43,00","11,75","43,00","0,00","0,00","0,00","5,00","45,28","35,66","23,20","11,76","0,00","9,34","4,31","16,20","16,92","16,21","67,31","2,19","23,20",Marginal,Marginal
Alentejo,Vendas Novas,"366,00","106,00","33,00","227,00","36,00","9,84","36,00","0,00","0,00","0,00","4,00","47,09","36,34","23,35","11,47","0,00","9,30","4,23","16,16","16,82","16,15","69,18","2,34","23,35",Marginal,Marginal
Alentejo,Viana do Alentejo,"366,00","93,00","34,00","239,00","43,00","11,75","43,00","0,00","0,00","0,00","5,00","45,28","35,66","23,20","11,76","0,00","9,34","4,31","16,20","16,92","16,21","67,31","2,19","23,20",Marginal,Marginal
Alentejo,Vidigueira,"366,00","143,00","33,00","190,00","16,00","4,37","1,00","0,00","15,00","0,00","0,00","53,83","40,44","20,72","11,63","0,00","9,14","4,02","15,29","15,80","15,26","71,65","4,98","20,72",Aceitável,Marginal
Alentejo,Vila Vicosa,"366,00","93,00","34,00","239,00","43,00","11,75","43,00","0,00","0,00","0,00","5,00","45,26","35,65","23,20","11,76","0,00","9,35","4,31","16,20","16,92","16,21","67,31","2,19","23,20",Marginal,Marginal
Algarve,Albufeira,"366,00","158,00","57,00","151,00","5,00","1,37","0,00","0,00","5,00","0,00","0,00","61,66","42,70","21,76","14,66","0,00","10,02","4,61","17,82","18,37","17,61","70,03","2,27","21,76",Bom,Marginal
Algarve,Alcoutim,"366,00","148,00","61,00","157,00","2,00","0,55","0,00","0,00","2,00","0,00","0,00","60,66","42,37","22,10","14,79","0,00","10,19","4,69","18,27","18,79","18,01","67,59","2,07","22,10",Bom,Marginal
Algarve,Aljezur,"366,00","106,00","58,00","202,00","13,00","3,55","10,00","0,00","3,00","0,00","3,00","50,15","39,32","21,22","12,38","0,00","9,89","4,19","15,79","16,40","15,73","70,44","2,53","21,22",Aceitável,Marginal
Algarve,Castro Marim,"366,00","148,00","61,00","157,00","2,00","0,55","0,00","0,00","2,00","0,00","0,00","60,71","42,38","22,10","14,79","0,00","10,19","4,69","18,27","18,79","18,01","67,59","2,07","22,10",Bom,Marginal
Algarve,Faro,"366,00","179,00","32,00","155,00","2,00","0,55","0,00","0,00","2,00","0,00","0,00","64,66","46,61","21,07","15,67","0,00","10,08","4,69","18,33","18,84","18,02","70,27","2,13","21,07",Bom,Marginal
Algarve,Lagoa,"366,00","142,00","12,00","212,00","5,00","1,37","0,00","0,00","5,00","0,00","0,00","54,30","45,39","18,93","16,60","0,00","6,80","4,11","17,65","18,31","17,28","78,50","4,53","18,93",Aceitável,Marginal
Algarve,Lagos,"366,00","183,00","31,00","152,00","1,00","0,27","0,00","0,00","1,00","0,00","0,00","64,87","49,49","20,67","14,74","0,00","9,83","4,47","17,10","17,75","17,02","73,70","1,95","20,67",Bom,Marginal
Algarve,Loule,"366,00","119,00","61,00","186,00","8,00","2,19","2,00","0,00","6,00","0,00","1,00","54,57","39,84","22,10","14,14","0,00","10,08","4,57","17,53","18,11","17,35","68,39","2,81","22,10",Aceitável,Marginal
Algarve,Monchique,"366,00","106,00","58,00","202,00","13,00","3,55","10,00","0,00","3,00","0,00","3,00","50,15","39,32","21,22","12,38","0,00","9,89","4,19","15,79","16,40","15,73","70,44","2,53","21,22",Aceitável,Marginal
Algarve,Olhao,"366,00","173,00","36,00","157,00","2,00","0,55","0,00","0,00","2,00","0,00","0,00","63,97","45,82","21,25","15,58","0,00","10,06","4,69","18,36","18,89","18,05","69,73","2,00","21,25",Bom,Marginal
Algarve,Portimao,"366,00","161,00","51,00","154,00","4,00","1,09","0,00","0,00","4,00","0,00","0,00","61,57","43,58","21,81","14,30","0,00","9,89","4,49","17,44","18,00","17,28","72,10","2,20","21,81",Bom,Marginal
Algarve,Sao Bras de Alportel,"366,00","113,00","65,00","188,00","8,00","2,19","2,00","0,00","6,00","0,00","0,00","53,71","39,45","21,88","14,04","0,00","10,20","4,55","17,37","17,96","17,20","67,99","2,82","21,88",Aceitável,Marginal
Algarve,Silves,"366,00","145,00","51,00","170,00","3,00","0,82","0,00","0,00","3,00","0,00","0,00","59,03","42,77","21,69","14,29","0,00","10,08","4,50","17,42","17,98","17,24","70,93","2,15","21,69",Aceitável,Marginal
Algarve,Tavira,"366,00","148,00","61,00","157,00","2,00","0,55","0,00","0,00","2,00","0,00","0,00","60,71","42,38","22,10","14,79","0,00","10,19","4,69","18,27","18,79","18,01","67,59","2,07","22,10",Bom,Marginal
Algarve,Vila Real de Santo Antonio,"366,00","148,00","61,00","157,00","2,00","0,55","0,00","0,00","2,00","0,00","0,00","60,66","42,37","22,10","14,79","0,00","10,19","4,69","18,27","18,79","18,01","67,59","2,07","22,10",Bom,Marginal
Algarve,Vila do Bispo,"366,00","122,00","21,00","223,00","1,00","0,27","0,00","0,00","1,00","0,00","0,00","55,41","39,40","18,17","16,24","0,00","10,08","4,37","16,95","17,30","16,94","78,70","1,60","18,17",Aceitável,Marginal
Brasil,sao paulo,"366,00","199,00","93,00","74,00","14,00","3,83","9,00","0,00","5,00","0,00","0,00","71,75","47,91","28,34","17,15","0,00","9,19","5,32","22,33","22,56","21,99","64,68","3,67","28,34",Muito Bom,Marginal
Centro,Abrantes,"366,00","109,00","34,00","223,00","34,00","9,29","32,00","1,00","1,00","0,00","2,00","47,70","36,47","23,24","11,44","0,00","9,22","4,20","16,06","16,61","16,04","69,93","2,77","23,24",Marginal,Marginal
Centro,Agueda,"366,00","157,00","26,00","183,00","14,00","3,83","6,00","1,00","7,00","0,00","0,00","55,57","40,78","21,64","11,26","0,00","9,26","4,04","15,41","15,96","15,39","73,69","3,76","21,64",Aceitável,Marginal
Centro,Aguiar da Beira,"366,00","93,00","32,00","241,00","21,00","5,74","14,00","1,00","6,00","0,00","0,00","43,06","33,42","20,54","9,92","0,00","9,19","3,87","14,03","14,64","14,03","71,06","3,29","20,54",Marginal,Marginal
Centro,Albergaria-a-Velha,"366,00","179,00","18,00","169,00","5,00","1,37","0,00","0,00","5,00","0,00","0,00","59,17","44,26","19,39","12,42","0,00","9,17","3,94","14,97","15,73","14,95","76,39","3,93","19,39",Aceitável,Marginal
Centro,Alcanena,"366,00","125,00","38,00","203,00","27,00","7,38","22,00","0,00","5,00","0,00","1,00","51,36","37,87","22,90","11,72","0,00","9,23","4,22","16,06","16,61","16,01","71,96","2,86","22,90",Aceitável,Marginal
Centro,Alcobaca,"366,00","169,00","16,00","181,00","1,00","0,27","1,00","0,00","0,00","0,00","0,00","57,64","44,52","19,52","12,70","0,00","9,02","3,87","15,11","15,90","15,09","77,56","2,82","19,52",Aceitável,Marginal
Centro,Alenquer,"366,00","146,00","37,00","183,00","10,00","2,73","8,00","0,00","2,00","0,00","0,00","56,76","42,38","21,87","12,71","0,00","9,60","4,22","16,11","16,76","16,08","72,35","2,25","21,87",Aceitável,Marginal
Centro,Almeida,"366,00","76,00","32,00","258,00","36,00","9,84","5,00","29,00","2,00","0,00","0,00","39,04","31,79","18,09","8,24","0,00","9,13","3,46","11,64","12,73","11,67","70,34","2,37","18,09",Marginal,Marginal
Centro,Alvaiazere,"366,00","149,00","26,00","191,00","8,00","2,19","5,00","0,00","3,00","0,00","0,00","54,29","41,01","21,60","11,04","0,00","9,17","3,91","15,18","15,79","15,17","75,24","3,01","21,60",Aceitável,Marginal
Centro,Anadia,"366,00","157,00","26,00","183,00","14,00","3,83","6,00","1,00","7,00","0,00","0,00","55,57","40,78","21,64","11,26","0,00","9,25","4,04","15,41","15,96","15,39","73,69","3,76","21,64",Aceitável,Marginal
Centro,Ansiao,"366,00","109,00","34,00","223,00","34,00","9,29","32,00","1,00","1,00","0,00","2,00","47,70","36,47","23,24","11,44","0,00","9,21","4,20","16,06","16,61","16,04","69,93","2,77","23,24",Marginal,Marginal
Centro,Arganil,"366,00","133,00","39,00","194,00","16,00","4,37","11,00","0,00","5,00","0,00","0,00","51,79","38,80","21,96","10,96","0,00","9,20","3,99","15,33","15,83","15,30","74,24","3,37","21,96",Aceitável,Marginal
Centro,Arruda dos Vinhos,"366,00","146,00","37,00","183,00","10,00","2,73","8,00","0,00","2,00","0,00","0,00","56,76","42,38","21,87","12,71","0,00","9,61","4,22","16,11","16,76","16,08","72,35","2,25","21,87",Aceitável,Marginal
Centro,Aveiro,"366,00","179,00","18,00","169,00","5,00","1,37","0,00","0,00","5,00","0,00","0,00","59,17","44,26","19,39","12,42","0,00","9,17","3,94","14,97","15,73","14,95","76,39","3,93","19,39",Aceitável,Marginal
Centro,Batalha,"366,00","168,00","23,00","175,00","2,00","0,55","1,00","0,00","1,00","0,00","0,00","57,05","43,95","20,54","11,84","0,00","8,97","3,89","15,09","15,86","15,08","77,25","2,76","20,54",Aceitável,Marginal
Centro,Belmonte,"366,00","176,00","35,00","155,00","2,00","0,55","0,00","0,00","2,00","0,00","0,00","64,16","45,52","21,22","15,56","0,00","10,08","4,67","18,35","18,89","18,04","69,80","2,00","21,22",Bom,Marginal
Centro,Bombarral,"366,00","178,00","15,00","173,00","2,00","0,55","0,00","0,00","2,00","0,00","0,00","59,47","46,06","19,51","12,98","0,00","9,22","3,95","15,20","16,08","15,19","77,99","2,80","19,51",Aceitável,Marginal
Centro,Cadaval,"366,00","178,00","15,00","173,00","2,00","0,55","0,00","0,00","2,00","0,00","0,00","59,47","46,06","19,51","12,98","0,00","9,22","3,95","15,20","16,08","15,19","77,99","2,80","19,51",Aceitável,Marginal
Centro,Caldas da Rainha,"366,00","178,00","15,00","173,00","2,00","0,55","0,00","0,00","2,00","0,00","0,00","59,47","46,06","19,51","12,98","0,00","9,22","3,95","15,20","16,08","15,19","77,99","2,80","19,51",Aceitável,Marginal
Centro,Cantanhede,"366,00","166,00","17,00","183,00","8,00","2,19","2,00","0,00","6,00","0,00","0,00","56,75","42,33","20,99","11,56","0,00","9,26","4,00","15,18","15,89","15,17","75,65","3,37","20,99",Aceitável,Marginal
Centro,Carregal do Sal,"366,00","93,00","32,00","241,00","21,00","5,74","14,00","1,00","6,00","0,00","0,00","43,06","33,43","20,54","9,92","0,00","9,14","3,87","14,03","14,64","14,03","71,06","3,29","20,54",Marginal,Marginal
Centro,Castanheira de Pera,"366,00","133,00","39,00","194,00","16,00","4,37","11,00","0,00","5,00","0,00","0,00","51,79","38,80","21,96","10,96","0,00","9,20","3,99","15,33","15,83","15,30","74,24","3,37","21,96",Aceitável,Marginal
Centro,Castelo Branco,"366,00","83,00","32,00","251,00","50,00","13,66","45,00","3,00","2,00","0,00","4,00","42,58","33,70","22,42","11,19","0,00","9,46","4,22","15,78","16,31","15,82","65,43","2,79","22,42",Marginal,Marginal
Centro,Castro Daire,"366,00","93,00","32,00","241,00","21,00","5,74","14,00","1,00","6,00","0,00","0,00","43,06","33,42","20,54","9,92","0,00","9,17","3,87","14,03","14,64","14,03","71,06","3,29","20,54",Marginal,Marginal
Centro,Celorico da Beira,"366,00","76,00","32,00","258,00","36,00","9,84","5,00","29,00","2,00","0,00","0,00","39,02","31,79","18,09","8,24","0,00","9,15","3,46","11,64","12,73","11,67","70,34","2,37","18,09",Marginal,Marginal
Centro,Coimbra,"366,00","133,00","39,00","194,00","16,00","4,37","11,00","0,00","5,00","0,00","0,00","51,79","38,80","21,96","10,96","0,00","9,21","3,99","15,33","15,83","15,30","74,24","3,37","21,96",Aceitável,Marginal
Centro,Condeixa-a-Nova,"366,00","133,00","39,00","194,00","16,00","4,37","11,00","0,00","5,00","0,00","0,00","51,79","38,80","21,96","10,96","0,00","9,20","3,99","15,33","15,83","15,30","74,24","3,37","21,96",Aceitável,Marginal
Centro,Constancia,"366,00","109,00","34,00","223,00","34,00","9,29","32,00","1,00","1,00","0,00","2,00","47,70","36,47","23,24","11,44","0,00","9,23","4,20","16,06","16,61","16,04","69,93","2,77","23,24",Marginal,Marginal
Centro,Covilha,"366,00","75,00","26,00","265,00","44,00","12,02","24,00","11,00","9,00","0,00","1,00","39,81","30,91","20,53","9,21","0,00","9,09","3,83","13,71","14,33","13,74","67,95","3,63","20,53",Marginal,Marginal
Centro,Entroncamento,"366,00","125,00","38,00","203,00","27,00","7,38","22,00","0,00","5,00","0,00","1,00","51,34","37,86","22,90","11,72","0,00","9,23","4,22","16,06","16,61","16,01","71,96","2,86","22,90",Aceitável,Marginal
Centro,Estarreja,"366,00","143,00","33,00","190,00","16,00","4,37","1,00","0,00","15,00","0,00","0,00","53,83","40,44","20,72","11,63","0,00","9,14","4,02","15,29","15,80","15,26","71,65","4,98","20,72",Aceitável,Marginal
Centro,Ferreira do Zezere,"366,00","123,00","31,00","212,00","24,00","6,56","20,00","0,00","4,00","0,00","1,00","50,66","37,67","22,62","11,80","0,00","9,26","4,20","15,99","16,56","15,93","71,81","2,68","22,62",Aceitável,Marginal
Centro,Figueira da Foz,"366,00","168,00","18,00","180,00","4,00","1,09","0,00","0,00","4,00","0,00","0,00","57,56","43,13","18,99","13,07","0,00","9,30","3,96","15,13","15,98","15,12","78,13","3,37","18,99",Aceitável,Marginal
Centro,Figueira de Castelo Rodrigo,"366,00","76,00","32,00","258,00","36,00","9,84","5,00","29,00","2,00","0,00","0,00","39,04","31,78","18,09","8,24","0,00","9,14","3,46","11,64","12,73","11,67","70,34","2,37","18,09",Marginal,Marginal
Centro,Figueiro dos Vinhos,"366,00","149,00","26,00","191,00","8,00","2,19","5,00","0,00","3,00","0,00","0,00","54,29","41,01","21,60","11,04","0,00","9,16","3,91","15,18","15,79","15,17","75,24","3,01","21,60",Aceitável,Marginal
Centro,Fornos de Algodres,"366,00","71,00","31,00","264,00","46,00","12,57","4,00","33,00","7,00","9,00","0,00","37,66","30,74","17,46","7,49","0,08","9,16","3,34","11,20","12,07","11,20","70,17","4,44","17,46",Marginal,Marginal
Centro,Fundao,"366,00","75,00","26,00","265,00","44,00","12,02","24,00","11,00","9,00","0,00","1,00","39,81","30,91","20,53","9,21","0,00","9,08","3,83","13,71","14,33","13,74","67,95","3,63","20,53",Marginal,Marginal
Centro,Gois,"366,00","133,00","39,00","194,00","16,00","4,37","11,00","0,00","5,00","0,00","0,00","51,79","38,80","21,96","10,96","0,00","9,20","3,99","15,33","15,83","15,30","74,24","3,37","21,96",Aceitável,Marginal
Centro,Gouveia,"366,00","71,00","31,00","264,00","46,00","12,57","4,00","33,00","7,00","9,00","0,00","37,66","30,74","17,46","7,49","0,08","9,13","3,34","11,20","12,07","11,20","70,17","4,44","17,46",Marginal,Marginal
Centro,Guarda,"366,00","76,00","32,00","258,00","36,00","9,84","5,00","29,00","2,00","0,00","0,00","39,02","31,79","18,09","8,24","0,00","9,14","3,46","11,64","12,73","11,67","70,34","2,37","18,09",Marginal,Marginal
Centro,Idanha-a-Nova,"366,00","83,00","32,00","251,00","50,00","13,66","45,00","3,00","2,00","0,00","4,00","42,58","33,70","22,42","11,19","0,00","9,45","4,22","15,78","16,31","15,82","65,43","2,79","22,42",Marginal,Marginal
Centro,Ilhavo,"366,00","179,00","18,00","169,00","5,00","1,37","0,00","0,00","5,00","0,00","0,00","59,17","44,26","19,39","12,42","0,00","9,17","3,94","14,97","15,73","14,95","76,39","3,93","19,39",Aceitável,Marginal
Centro,Leiria,"366,00","168,00","23,00","175,00","2,00","0,55","1,00","0,00","1,00","0,00","0,00","57,05","43,95","20,54","11,84","0,00","8,97","3,89","15,09","15,86","15,08","77,25","2,76","20,54",Aceitável,Marginal
Centro,Lourinha,"366,00","180,00","14,00","172,00","4,00","1,09","2,00","0,00","2,00","0,00","0,00","59,88","46,52","20,78","12,49","0,00","9,31","3,97","15,44","16,30","15,43","76,89","2,74","20,78",Aceitável,Marginal
Centro,Lousa,"366,00","133,00","39,00","194,00","16,00","4,37","11,00","0,00","5,00","0,00","0,00","51,79","38,80","21,96","10,96","0,00","9,20","3,99","15,33","15,83","15,30","74,24","3,37","21,96",Aceitável,Marginal
Centro,Macao,"366,00","109,00","34,00","223,00","34,00","9,29","32,00","1,00","1,00","0,00","2,00","47,70","36,47","23,24","11,44","0,00","9,21","4,20","16,06","16,61","16,04","69,93","2,77","23,24",Marginal,Marginal
Centro,Mangualde,"366,00","93,00","32,00","241,00","21,00","5,74","14,00","1,00","6,00","0,00","0,00","43,06","33,42","20,54","9,92","0,00","9,14","3,87","14,03","14,64","14,03","71,06","3,29","20,54",Marginal,Marginal
Centro,Manteigas,"366,00","71,00","31,00","264,00","46,00","12,57","4,00","33,00","7,00","9,00","0,00","37,66","30,74","17,46","7,49","0,08","9,12","3,34","11,20","12,07","11,20","70,17","4,44","17,46",Marginal,Marginal
Centro,Marinha Grande,"366,00","168,00","23,00","175,00","2,00","0,55","1,00","0,00","1,00","0,00","0,00","57,05","43,95","20,54","11,84","0,00","8,97","3,89","15,09","15,86","15,08","77,25","2,76","20,54",Aceitável,Marginal
Centro,Mealhada,"366,00","166,00","17,00","183,00","8,00","2,19","2,00","0,00","6,00","0,00","0,00","56,75","42,33","20,99","11,56","0,00","9,26","4,00","15,18","15,89","15,17","75,65","3,37","20,99",Aceitável,Marginal
Centro,Meda,"366,00","76,00","32,00","258,00","36,00","9,84","5,00","29,00","2,00","0,00","0,00","39,02","31,79","18,09","8,24","0,00","9,18","3,46","11,64","12,73","11,67","70,34","2,37","18,09",Marginal,Marginal
Centro,Mira,"366,00","166,00","17,00","183,00","8,00","2,19","2,00","0,00","6,00","0,00","0,00","56,75","42,33","20,99","11,56","0,00","9,26","4,00","15,18","15,89","15,17","75,65","3,37","20,99",Aceitável,Marginal
Centro,Miranda do Corvo,"366,00","133,00","39,00","194,00","16,00","4,37","11,00","0,00","5,00","0,00","0,00","51,79","38,80","21,96","10,96","0,00","9,21","3,99","15,33","15,83","15,30","74,24","3,37","21,96",Aceitável,Marginal
Centro,Montemor-o-Velho,"366,00","168,00","18,00","180,00","4,00","1,09","0,00","0,00","4,00","0,00","0,00","57,56","43,13","18,99","13,07","0,00","9,29","3,96","15,13","15,98","15,12","78,13","3,37","18,99",Aceitável,Marginal
Centro,Mortagua,"366,00","104,00","33,00","229,00","19,00","5,19","8,00","1,00","10,00","0,00","1,00","45,29","34,97","19,47","10,08","0,00","9,03","3,77","13,67","14,33","13,64","72,73","4,50","19,47",Marginal,Marginal
Centro,Murtosa,"366,00","179,00","18,00","169,00","5,00","1,37","0,00","0,00","5,00","0,00","0,00","59,17","44,26","19,39","12,42","0,00","9,18","3,94","14,97","15,73","14,95","76,39","3,93","19,39",Aceitável,Marginal
Centro,Nazare,"366,00","169,00","16,00","181,00","1,00","0,27","1,00","0,00","0,00","0,00","0,00","57,64","44,52","19,52","12,70","0,00","9,03","3,87","15,11","15,90","15,09","77,56","2,82","19,52",Aceitável,Marginal
Centro,Nelas,"366,00","93,00","32,00","241,00","21,00","5,74","14,00","1,00","6,00","0,00","0,00","43,06","33,43","20,54","9,92","0,00","9,14","3,87","14,03","14,64","14,03","71,06","3,29","20,54",Marginal,Marginal
Centro,Obidos,"366,00","178,00","15,00","173,00","2,00","0,55","0,00","0,00","2,00","0,00","0,00","59,47","46,06","19,51","12,98","0,00","9,22","3,95","15,20","16,08","15,19","77,99","2,80","19,51",Aceitável,Marginal
Centro,Oleiros,"366,00","116,00","34,00","216,00","17,00","4,64","6,00","0,00","11,00","0,00","0,00","48,17","36,78","20,84","10,61","0,00","9,01","3,95","14,83","15,31","14,77","72,68","4,59","20,84",Marginal,Marginal
Centro,Oliveira de Frades,"366,00","104,00","33,00","229,00","19,00","5,19","8,00","1,00","10,00","0,00","1,00","45,29","34,97","19,47","10,08","0,00","9,04","3,77","13,67","14,33","13,64","72,73","4,50","19,47",Marginal,Marginal
Centro,Oliveira do Bairro,"366,00","157,00","26,00","183,00","14,00","3,83","6,00","1,00","7,00","0,00","0,00","55,57","40,78","21,64","11,26","0,00","9,26","4,04","15,41","15,96","15,39","73,69","3,76","21,64",Aceitável,Marginal
Centro,Oliveira do Hospital,"366,00","71,00","31,00","264,00","46,00","12,57","4,00","33,00","7,00","9,00","0,00","37,66","30,74","17,46","7,49","0,08","9,13","3,34","11,20","12,07","11,20","70,17","4,44","17,46",Marginal,Marginal
Centro,Ourem,"366,00","132,00","37,00","197,00","14,00","3,83","11,00","0,00","3,00","0,00","0,00","51,71","39,71","21,43","11,22","0,00","9,19","3,93","15,01","15,66","14,98","74,11","2,73","21,43",Aceitável,Marginal
Centro,Ovar,"366,00","164,00","29,00","173,00","3,00","0,82","0,00","0,00","3,00","0,00","0,00","58,32","43,79","19,69","12,32","0,00","9,20","4,01","15,19","15,84","15,16","71,79","3,95","19,69",Aceitável,Marginal
Centro,Pampilhosa da Serra,"366,00","133,00","39,00","194,00","16,00","4,37","11,00","0,00","5,00","0,00","0,00","51,79","38,80","21,96","10,96","0,00","9,19","3,99","15,33","15,83","15,30","74,24","3,37","21,96",Aceitável,Marginal
Centro,Pedrogao Grande,"366,00","133,00","39,00","194,00","16,00","4,37","11,00","0,00","5,00","0,00","0,00","51,79","38,80","21,96","10,96","0,00","9,19","3,99","15,33","15,83","15,30","74,24","3,37","21,96",Aceitável,Marginal
Centro,Penacova,"366,00","133,00","39,00","194,00","16,00","4,37","11,00","0,00","5,00","0,00","0,00","51,79","38,80","21,96","10,96","0,00","9,21","3,99","15,33","15,83","15,30","74,24","3,37","21,96",Aceitável,Marginal
Centro,Penalva do Castelo,"366,00","93,00","32,00","241,00","21,00","5,74","14,00","1,00","6,00","0,00","0,00","43,06","33,42","20,54","9,92","0,00","9,16","3,87","14,03","14,64","14,03","71,06","3,29","20,54",Marginal,Marginal
Centro,Penamacor,"366,00","75,00","26,00","265,00","44,00","12,02","24,00","11,00","9,00","0,00","1,00","39,81","30,91","20,53","9,21","0,00","9,10","3,83","13,71","14,33","13,74","67,95","3,63","20,53",Marginal,Marginal
Centro,Penela,"366,00","133,00","39,00","194,00","16,00","4,37","11,00","0,00","5,00","0,00","0,00","51,79","38,80","21,96","10,96","0,00","9,20","3,99","15,33","15,83","15,30","74,24","3,37","21,96",Aceitável,Marginal
Centro,Peniche,"366,00","178,00","15,00","173,00","2,00","0,55","0,00","0,00","2,00","0,00","0,00","59,47","46,06","19,51","12,98","0,00","9,24","3,95","15,20","16,08","15,19","77,99","2,80","19,51",Aceitável,Marginal
Centro,Pinhel,"366,00","76,00","32,00","258,00","36,00","9,84","5,00","29,00","2,00","0,00","0,00","39,04","31,79","18,09","8,24","0,00","9,16","3,46","11,64","12,73","11,67","70,34","2,37","18,09",Marginal,Marginal
Centro,Pombal,"366,00","149,00","26,00","191,00","8,00","2,19","5,00","0,00","3,00","0,00","0,00","54,31","41,01","21,60","11,04","0,00","9,18","3,91","15,18","15,79","15,17","75,24","3,01","21,60",Aceitável,Marginal
Centro,Porto de Mos,"366,00","169,00","16,00","181,00","1,00","0,27","1,00","0,00","0,00","0,00","0,00","57,64","44,51","19,52","12,70","0,00","9,02","3,87","15,11","15,90","15,09","77,56","2,82","19,52",Aceitável,Marginal
Centro,Proenca-a-Nova,"366,00","83,00","32,00","251,00","50,00","13,66","45,00","3,00","2,00","0,00","4,00","42,58","33,71","22,42","11,19","0,00","9,48","4,22","15,78","16,31","15,82","65,43","2,79","22,42",Marginal,Marginal
Centro,Sabugal,"366,00","76,00","32,00","258,00","36,00","9,84","5,00","29,00","2,00","0,00","0,00","39,04","31,79","18,09","8,24","0,00","9,12","3,46","11,64","12,73","11,67","70,34","2,37","18,09",Marginal,Marginal
Centro,Santa Comba Dao,"366,00","104,00","33,00","229,00","19,00","5,19","8,00","1,00","10,00","0,00","1,00","45,29","34,97","19,47","10,08","0,00","9,03","3,77","13,67","14,33","13,64","72,73","4,50","19,47",Marginal,Marginal
Centro,Sao Pedro do Sul,"366,00","93,00","32,00","241,00","21,00","5,74","14,00","1,00","6,00","0,00","0,00","43,06","33,42","20,54","9,92","0,00","9,15","3,87","14,03","14,64","14,03","71,06","3,29","20,54",Marginal,Marginal
Centro,Sardoal,"366,00","136,00","18,00","212,00","5,00","1,37","0,00","0,00","5,00","0,00","0,00","53,99","40,30","18,21","13,30","0,00","8,94","3,96","15,15","15,84","15,11","75,19","3,81","18,21",Aceitável,Marginal
Centro,Satao,"366,00","93,00","32,00","241,00","21,00","5,74","14,00","1,00","6,00","0,00","0,00","43,06","33,42","20,54","9,92","0,00","9,17","3,87","14,03","14,64","14,03","71,06","3,29","20,54",Marginal,Marginal
Centro,Seia,"366,00","71,00","31,00","264,00","46,00","12,57","4,00","33,00","7,00","9,00","0,00","37,66","30,74","17,46","7,49","0,08","9,12","3,34","11,20","12,07","11,20","70,17","4,44","17,46",Marginal,Marginal
Centro,Serta,"366,00","123,00","31,00","212,00","24,00","6,56","20,00","0,00","4,00","0,00","1,00","50,66","37,67","22,62","11,80","0,00","9,25","4,20","15,99","16,56","15,93","71,81","2,68","22,62",Aceitável,Marginal
Centro,Sever do Vouga,"366,00","143,00","33,00","190,00","16,00","4,37","1,00","0,00","15,00","0,00","0,00","53,83","40,44","20,72","11,63","0,00","9,14","4,02","15,29","15,80","15,26","71,65","4,98","20,72",Aceitável,Marginal
Centro,Sobral de Monte Agraco,"366,00","180,00","14,00","172,00","4,00","1,09","2,00","0,00","2,00","0,00","0,00","59,88","46,52","20,78","12,49","0,00","9,30","3,97","15,44","16,30","15,43","76,89","2,74","20,78",Aceitável,Marginal
Centro,Soure,"366,00","149,00","26,00","191,00","8,00","2,19","5,00","0,00","3,00","0,00","0,00","54,29","41,01","21,60","11,04","0,00","9,17","3,91","15,18","15,79","15,17","75,24","3,01","21,60",Aceitável,Marginal
Centro,Tabua,"366,00","104,00","33,00","229,00","19,00","5,19","8,00","1,00","10,00","0,00","1,00","45,29","34,97","19,47","10,08","0,00","9,02","3,77","13,67","14,33","13,64","72,73","4,50","19,47",Marginal,Marginal
Centro,Tomar,"366,00","123,00","31,00","212,00","24,00","6,56","20,00","0,00","4,00","0,00","1,00","50,69","37,67","22,62","11,80","0,00","9,26","4,20","15,99","16,56","15,93","71,81","2,68","22,62",Aceitável,Marginal
Centro,Tondela,"366,00","104,00","33,00","229,00","19,00","5,19","8,00","1,00","10,00","0,00","1,00","45,29","34,97","19,47","10,08","0,00","9,03","3,77","13,67","14,33","13,64","72,73","4,50","19,47",Marginal,Marginal
Centro,Torres Novas,"366,00","125,00","38,00","203,00","27,00","7,38","22,00","0,00","5,00","0,00","1,00","51,34","37,86","22,90","11,72","0,00","9,23","4,22","16,06","16,61","16,01","71,96","2,86","22,90",Aceitável,Marginal
Centro,Torres Vedras,"366,00","180,00","14,00","172,00","4,00","1,09","2,00","0,00","2,00","0,00","0,00","59,88","46,52","20,78","12,49","0,00","9,31","3,97","15,44","16,30","15,43","76,89","2,74","20,78",Aceitável,Marginal
Centro,Trancoso,"366,00","100,00","34,00","232,00","21,00","5,74","11,00","2,00","8,00","0,00","0,00","45,05","34,42","20,45","10,22","0,00","9,07","3,87","14,48","14,98","14,44","72,09","4,24","20,45",Marginal,Marginal
Centro,Vagos,"366,00","179,00","18,00","169,00","5,00","1,37","0,00","0,00","5,00","0,00","0,00","59,17","44,26","19,39","12,42","0,00","9,17","3,94","14,97","15,73","14,95","76,39","3,93","19,39",Aceitável,Marginal
Centro,Vila Nova da Barquinha,"366,00","125,00","38,00","203,00","27,00","7,38","22,00","0,00","5,00","0,00","1,00","51,34","37,86","22,90","11,72","0,00","9,22","4,22","16,06","16,61","16,01","71,96","2,86","22,90",Aceitável,Marginal
Centro,Vila Nova de Paiva,"366,00","93,00","32,00","241,00","21,00","5,74","14,00","1,00","6,00","0,00","0,00","43,06","33,42","20,54","9,92","0,00","9,18","3,87","14,03","14,64","14,03","71,06","3,29","20,54",Marginal,Marginal
Centro,Vila Nova de Poiares,"366,00","90,00","36,00","240,00","13,00","3,55","9,00","1,00","3,00","0,00","0,00","44,48","35,12","19,82","10,68","0,00","9,05","3,87","14,32","14,81","14,31","65,66","2,77","19,82",Marginal,Marginal
Centro,Vila Velha de Rodao,"366,00","83,00","32,00","251,00","50,00","13,66","45,00","3,00","2,00","0,00","4,00","42,58","33,70","22,42","11,19","0,00","9,46","4,22","15,78","16,31","15,82","65,43","2,79","22,42",Marginal,Marginal
Centro,Vila de Rei,"366,00","146,00","37,00","183,00","10,00","2,73","8,00","0,00","2,00","0,00","0,00","56,76","42,38","21,87","12,71","0,00","9,60","4,22","16,11","16,76","16,08","72,35","2,25","21,87",Aceitável,Marginal
Centro,Viseu,"366,00","93,00","32,00","241,00","21,00","5,74","14,00","1,00","6,00","0,00","0,00","43,06","33,43","20,54","9,92","0,00","9,15","3,87","14,03","14,64","14,03","71,06","3,29","20,54",Marginal,Marginal
Centro,Vouzela,"366,00","104,00","33,00","229,00","19,00","5,19","8,00","1,00","10,00","0,00","1,00","45,29","34,97","19,47","10,08","0,00","9,04","3,77","13,67","14,33","13,64","72,73","4,50","19,47",Marginal,Marginal
Norte,Alfandega da Fe,"366,00","79,00","33,00","254,00","41,00","11,20","11,00","30,00","0,00","0,00","0,00","41,92","33,32","19,49","8,87","0,00","9,46","3,66","12,87","13,71","12,92","65,54","2,00","19,49",Marginal,Marginal
Norte,Alijo,"366,00","90,00","36,00","240,00","13,00","3,55","9,00","1,00","3,00","0,00","0,00","44,48","35,12","19,82","10,68","0,00","9,07","3,87","14,32","14,81","14,31","65,66","2,77","19,82",Marginal,Marginal
Norte,Amarante,"366,00","111,00","31,00","224,00","28,00","7,65","17,00","2,00","9,00","0,00","0,00","46,55","34,81","21,62","10,17","0,00","8,97","3,95","14,99","15,50","14,93","72,24","4,41","21,62",Marginal,Marginal
Norte,Amares,"366,00","104,00","36,00","226,00","25,00","6,83","9,00","0,00","16,00","0,00","0,00","45,78","34,63","20,74","10,55","0,00","9,04","3,97","14,93","15,41","14,84","73,08","5,08","20,74",Marginal,Marginal
Norte,Arcos de Valdevez,"366,00","126,00","36,00","204,00","17,00","4,64","3,00","0,00","14,00","0,00","0,00","49,56","37,08","20,72","11,00","0,00","8,86","3,97","15,10","15,66","15,02","74,70","5,01","20,72",Marginal,Marginal
Norte,Armamar,"366,00","90,00","36,00","240,00","13,00","3,55","9,00","1,00","3,00","0,00","0,00","44,48","35,12","19,82","10,68","0,00","9,05","3,87","14,32","14,81","14,31","65,66","2,77","19,82",Marginal,Marginal
Norte,Arouca,"366,00","155,00","52,00","159,00","5,00","1,37","1,00","0,00","4,00","0,00","0,00","61,28","43,36","21,70","14,93","0,00","10,15","4,65","18,14","18,71","17,88","68,50","2,21","21,70",Bom,Marginal
Norte,Baiao,"366,00","106,00","58,00","202,00","13,00","3,55","10,00","0,00","3,00","0,00","3,00","50,13","39,31","21,22","12,38","0,00","9,88","4,19","15,79","16,40","15,73","70,44","2,53","21,22",Aceitável,Marginal
Norte,Barcelos,"366,00","147,00","34,00","185,00","10,00","2,73","0,00","0,00","10,00","0,00","0,00","54,07","39,47","20,37","11,41","0,00","9,06","4,00","15,13","15,73","15,05","74,93","4,61","20,37",Aceitável,Marginal
Norte,Boticas,"366,00","100,00","12,00","254,00","49,00","13,39","22,00","25,00","2,00","0,00","0,00","42,56","33,35","20,73","8,53","0,00","9,00","3,68","13,60","14,03","13,63","70,71","2,27","20,73",Marginal,Marginal
Norte,Braga,"366,00","116,00","34,00","216,00","17,00","4,64","6,00","0,00","11,00","0,00","0,00","48,17","36,78","20,84","10,61","0,00","9,02","3,95","14,83","15,31","14,77","72,68","4,59","20,84",Marginal,Marginal
Norte,Braganca,"366,00","81,00","27,00","258,00","43,00","11,75","8,00","34,00","1,00","0,00","0,00","40,40","32,51","19,38","7,80","0,00","9,13","3,54","12,43","13,19","12,48","68,15","2,17","19,38",Marginal,Marginal
Norte,Cabeceiras de Basto,"366,00","104,00","27,00","235,00","25,00","6,83","7,00","5,00","13,00","0,00","0,00","44,83","34,25","19,89","9,81","0,00","8,97","3,77","13,86","14,45","13,82","72,47","4,64","19,89",Marginal,Marginal
Norte,Caminha,"366,00","146,00","18,00","202,00","8,00","2,19","0,00","0,00","8,00","0,00","0,00","53,97","41,23","18,56","12,38","0,00","9,06","3,95","14,61","15,50","14,58","77,49","4,24","18,56",Aceitável,Marginal
Norte,Carrazeda de Ansiaes,"366,00","90,00","36,00","240,00","13,00","3,55","9,00","1,00","3,00","0,00","0,00","44,48","35,11","19,82","10,68","0,00","9,04","3,87","14,32","14,81","14,31","65,66","2,77","19,82",Marginal,Marginal
Norte,Castelo de Paiva,"366,00","100,00","34,00","232,00","21,00","5,74","11,00","2,00","8,00","0,00","0,00","45,05","34,42","20,45","10,22","0,00","9,07","3,87","14,48","14,98","14,44","72,09","4,24","20,45",Marginal,Marginal
Norte,Celorico de Basto,"366,00","111,00","31,00","224,00","28,00","7,65","17,00","2,00","9,00","0,00","0,00","46,55","34,81","21,62","10,17","0,00","8,98","3,95","14,99","15,50","14,93","72,24","4,41","21,62",Marginal,Marginal
Norte,Chaves,"366,00","100,00","12,00","254,00","49,00","13,39","22,00","25,00","2,00","0,00","0,00","42,56","33,34","20,73","8,53","0,00","8,99","3,68","13,60","14,03","13,63","70,71","2,27","20,73",Marginal,Marginal
Norte,Cinfaes,"366,00","100,00","34,00","232,00","21,00","5,74","11,00","2,00","8,00","0,00","0,00","45,05","34,42","20,45","10,22","0,00","9,08","3,87","14,48","14,98","14,44","72,09","4,24","20,45",Marginal,Marginal
Norte,Espinho,"366,00","164,00","29,00","173,00","3,00","0,82","0,00","0,00","3,00","0,00","0,00","58,32","43,79","19,69","12,32","0,00","9,19","4,01","15,19","15,84","15,16","71,79","3,95","19,69",Aceitável,Marginal
Norte,Esposende,"366,00","147,00","34,00","185,00","10,00","2,73","0,00","0,00","10,00","0,00","0,00","54,07","39,47","20,37","11,41","0,00","9,06","4,00","15,13","15,73","15,05","74,93","4,61","20,37",Aceitável,Marginal
Norte,Fafe,"366,00","104,00","27,00","235,00","25,00","6,83","7,00","5,00","13,00","0,00","0,00","44,83","34,25","19,89","9,81","0,00","8,95","3,77","13,86","14,45","13,82","72,47","4,64","19,89",Marginal,Marginal
Norte,Felgueiras,"366,00","104,00","27,00","235,00","25,00","6,83","7,00","5,00","13,00","0,00","0,00","44,83","34,25","19,89","9,81","0,00","8,94","3,77","13,86","14,45","13,82","72,47","4,64","19,89",Marginal,Marginal
Norte,Freixo de Espada a Cinta,"366,00","79,00","33,00","254,00","41,00","11,20","11,00","30,00","0,00","0,00","0,00","41,92","33,32","19,49","8,87","0,00","9,45","3,66","12,87","13,71","12,92","65,54","2,00","19,49",Marginal,Marginal
Norte,Gondomar,"366,00","153,00","34,00","179,00","9,00","2,46","1,00","0,00","8,00","0,00","0,00","56,61","41,87","20,38","12,46","0,00","9,13","4,09","15,66","16,20","15,61","70,04","4,41","20,38",Aceitável,Marginal
Norte,Guimaraes,"366,00","112,00","33,00","221,00","17,00","4,64","8,00","0,00","9,00","0,00","0,00","47,59","36,34","20,90","10,56","0,00","8,95","3,95","14,78","15,31","14,73","72,01","4,35","20,90",Marginal,Marginal
Norte,Lamego,"366,00","90,00","36,00","240,00","13,00","3,55","9,00","1,00","3,00","0,00","0,00","44,48","35,12","19,82","10,68","0,00","9,05","3,87","14,32","14,81","14,31","65,66","2,77","19,82",Marginal,Marginal
Norte,Lousada,"366,00","123,00","34,00","209,00","15,00","4,10","6,00","0,00","9,00","0,00","0,00","50,13","37,80","20,59","11,29","0,00","9,04","3,99","15,08","15,58","15,03","70,91","4,52","20,59",Aceitável,Marginal
Norte,Macedo de Cavaleiros,"366,00","81,00","27,00","258,00","43,00","11,75","8,00","34,00","1,00","0,00","0,00","40,40","32,51","19,38","7,80","0,00","9,13","3,54","12,43","13,19","12,48","68,15","2,17","19,38",Marginal,Marginal
Norte,Maia,"366,00","136,00","18,00","212,00","5,00","1,37","0,00","0,00","5,00","0,00","0,00","53,99","40,30","18,21","13,30","0,00","8,94","3,96","15,15","15,84","15,11","75,19","3,81","18,21",Aceitável,Marginal
Norte,Marco de Canaveses,"366,00","100,00","34,00","232,00","21,00","5,74","11,00","2,00","8,00","0,00","0,00","45,05","34,42","20,45","10,22","0,00","9,08","3,87","14,48","14,98","14,44","72,09","4,24","20,45",Marginal,Marginal
Norte,Matosinhos,"366,00","136,00","18,00","212,00","5,00","1,37","0,00","0,00","5,00","0,00","0,00","53,99","40,30","18,21","13,30","0,00","8,94","3,96","15,15","15,84","15,11","75,19","3,81","18,21",Aceitável,Marginal
Norte,Melgaco,"366,00","138,00","19,00","209,00","11,00","3,01","0,00","0,00","11,00","0,00","0,00","50,61","37,85","18,66","11,28","0,00","8,65","3,82","14,15","14,91","14,11","77,62","5,04","18,66",Aceitável,Marginal
Norte,Mesao Frio,"366,00","112,00","33,00","221,00","17,00","4,64","8,00","0,00","9,00","0,00","0,00","47,59","36,34","20,90","10,56","0,00","8,96","3,95","14,78","15,31","14,73","72,01","4,35","20,90",Marginal,Marginal
Norte,Miranda do Douro,"366,00","79,00","33,00","254,00","41,00","11,20","11,00","30,00","0,00","0,00","0,00","41,97","33,35","19,49","8,87","0,00","9,46","3,66","12,87","13,71","12,92","65,54","2,00","19,49",Marginal,Marginal
Norte,Mirandela,"366,00","100,00","12,00","254,00","49,00","13,39","22,00","25,00","2,00","0,00","0,00","42,54","33,34","20,73","8,53","0,00","8,97","3,68","13,60","14,03","13,63","70,71","2,27","20,73",Marginal,Marginal
Norte,Mogadouro,"366,00","79,00","33,00","254,00","41,00","11,20","11,00","30,00","0,00","0,00","0,00","41,92","33,32","19,49","8,87","0,00","9,45","3,66","12,87","13,71","12,92","65,54","2,00","19,49",Marginal,Marginal
Norte,Moimenta da Beira,"366,00","90,00","36,00","240,00","13,00","3,55","9,00","1,00","3,00","0,00","0,00","44,48","35,12","19,82","10,68","0,00","9,05","3,87","14,32","14,81","14,31","65,66","2,77","19,82",Marginal,Marginal
Norte,Moncao,"366,00","146,00","18,00","202,00","8,00","2,19","0,00","0,00","8,00","0,00","0,00","53,84","41,22","18,56","12,38","0,00","9,01","3,95","14,61","15,50","14,58","77,49","4,24","18,56",Aceitável,Marginal
Norte,Mondim de Basto,"366,00","104,00","27,00","235,00","25,00","6,83","7,00","5,00","13,00","0,00","0,00","44,83","34,25","19,89","9,81","0,00","8,96","3,77","13,86","14,45","13,82","72,47","4,64","19,89",Marginal,Marginal
Norte,Montalegre,"366,00","100,00","12,00","254,00","49,00","13,39","22,00","25,00","2,00","0,00","0,00","42,56","33,35","20,73","8,53","0,00","9,01","3,68","13,60","14,03","13,63","70,71","2,27","20,73",Marginal,Marginal
Norte,Murca,"366,00","90,00","36,00","240,00","13,00","3,55","9,00","1,00","3,00","0,00","0,00","44,46","35,11","19,82","10,68","0,00","9,04","3,87","14,32","14,81","14,31","65,66","2,77","19,82",Marginal,Marginal
Norte,Oliveira de Azemeis,"366,00","143,00","33,00","190,00","16,00","4,37","1,00","0,00","15,00","0,00","0,00","53,83","40,44","20,72","11,63","0,00","9,14","4,02","15,29","15,80","15,26","71,65","4,98","20,72",Aceitável,Marginal
Norte,Pacos de Ferreira,"366,00","123,00","34,00","209,00","15,00","4,10","6,00","0,00","9,00","0,00","0,00","50,13","37,80","20,59","11,29","0,00","9,04","3,99","15,08","15,58","15,03","70,91","4,52","20,59",Aceitável,Marginal
Norte,Paredes,"366,00","123,00","34,00","209,00","15,00","4,10","6,00","0,00","9,00","0,00","0,00","50,13","37,80","20,59","11,29","0,00","9,04","3,99","15,08","15,58","15,03","70,91","4,52","20,59",Aceitável,Marginal
Norte,Paredes de Coura,"366,00","126,00","36,00","204,00","17,00","4,64","3,00","0,00","14,00","0,00","0,00","49,56","37,08","20,72","11,00","0,00","8,86","3,97","15,10","15,66","15,02","74,70","5,01","20,72",Marginal,Marginal
Norte,Penafiel,"366,00","123,00","34,00","209,00","15,00","4,10","6,00","0,00","9,00","0,00","0,00","50,13","37,80","20,59","11,29","0,00","9,04","3,99","15,08","15,58","15,03","70,91","4,52","20,59",Aceitável,Marginal
Norte,Penedono,"366,00","90,00","36,00","240,00","13,00","3,55","9,00","1,00","3,00","0,00","0,00","44,48","35,11","19,82","10,68","0,00","9,05","3,87","14,32","14,81","14,31","65,66","2,77","19,82",Marginal,Marginal
Norte,Peso da Regua,"366,00","90,00","36,00","240,00","13,00","3,55","9,00","1,00","3,00","0,00","0,00","44,48","35,12","19,82","10,68","0,00","9,05","3,87","14,32","14,81","14,31","65,66","2,77","19,82",Marginal,Marginal
Norte,Ponte da Barca,"366,00","126,00","36,00","204,00","17,00","4,64","3,00","0,00","14,00","0,00","0,00","49,56","37,08","20,72","11,00","0,00","8,86","3,97","15,10","15,66","15,02","74,70","5,01","20,72",Marginal,Marginal
Norte,Ponte de Lima,"366,00","126,00","36,00","204,00","17,00","4,64","3,00","0,00","14,00","0,00","0,00","49,56","37,08","20,72","11,00","0,00","8,84","3,97","15,10","15,66","15,02","74,70","5,01","20,72",Marginal,Marginal
Norte,Porto,"366,00","159,00","23,00","184,00","5,00","1,37","0,00","0,00","5,00","0,00","0,00","57,91","42,93","18,87","13,05","0,00","9,17","4,04","15,29","15,98","15,24","73,11","3,87","18,87",Aceitável,Marginal
Norte,Povoa de Lanhoso,"366,00","116,00","34,00","216,00","17,00","4,64","6,00","0,00","11,00","0,00","0,00","48,17","36,78","20,84","10,61","0,00","9,04","3,95","14,83","15,31","14,77","72,68","4,59","20,84",Marginal,Marginal
Norte,Povoa de Varzim,"366,00","138,00","17,00","211,00","5,00","1,37","0,00","0,00","5,00","0,00","0,00","53,21","40,34","18,30","13,08","0,00","8,99","3,93","15,00","15,75","14,97","77,14","4,01","18,30",Aceitável,Marginal
Norte,Resende,"366,00","100,00","34,00","232,00","21,00","5,74","11,00","2,00","8,00","0,00","0,00","45,05","34,42","20,45","10,22","0,00","9,09","3,87","14,48","14,98","14,44","72,09","4,24","20,45",Marginal,Marginal
Norte,Ribeira de Pena,"366,00","90,00","36,00","240,00","13,00","3,55","9,00","1,00","3,00","0,00","0,00","44,48","35,12","19,82","10,68","0,00","9,07","3,87","14,32","14,81","14,31","65,66","2,77","19,82",Marginal,Marginal
Norte,Sabrosa,"366,00","104,00","33,00","229,00","19,00","5,19","8,00","1,00","10,00","0,00","1,00","45,29","34,97","19,47","10,08","0,00","9,04","3,77","13,67","14,33","13,64","72,73","4,50","19,47",Marginal,Marginal
Norte,Santa Maria da Feira,"366,00","71,00","31,00","264,00","46,00","12,57","4,00","33,00","7,00","9,00","0,00","37,66","30,74","17,46","7,49","0,08","9,12","3,34","11,20","12,07","11,20","70,17","4,44","17,46",Marginal,Marginal
Norte,Santa Marta de Penaguiao,"366,00","90,00","36,00","240,00","13,00","3,55","9,00","1,00","3,00","0,00","0,00","44,48","35,12","19,82","10,68","0,00","9,05","3,87","14,32","14,81","14,31","65,66","2,77","19,82",Marginal,Marginal
Norte,Santo Tirso,"366,00","136,00","36,00","194,00","11,00","3,01","3,00","0,00","8,00","0,00","0,00","52,68","38,96","20,71","11,64","0,00","9,01","4,04","15,37","15,86","15,33","71,90","4,25","20,71",Aceitável,Marginal
Norte,Sao Joao da Madeira,"366,00","164,00","29,00","173,00","3,00","0,82","0,00","0,00","3,00","0,00","0,00","58,32","43,79","19,69","12,32","0,00","9,20","4,01","15,19","15,84","15,16","71,79","3,95","19,69",Aceitável,Marginal
Norte,Sao Joao da Pesqueira,"366,00","90,00","36,00","240,00","13,00","3,55","9,00","1,00","3,00","0,00","0,00","44,48","35,11","19,82","10,68","0,00","9,06","3,87","14,32","14,81","14,31","65,66","2,77","19,82",Marginal,Marginal
Norte,Sernancelhe,"366,00","93,00","32,00","241,00","21,00","5,74","14,00","1,00","6,00","0,00","0,00","43,06","33,42","20,54","9,92","0,00","9,19","3,87","14,03","14,64","14,03","71,06","3,29","20,54",Marginal,Marginal
Norte,Tabuaco,"366,00","90,00","36,00","240,00","13,00","3,55","9,00","1,00","3,00","0,00","0,00","44,48","35,12","19,82","10,68","0,00","9,06","3,87","14,32","14,81","14,31","65,66","2,77","19,82",Marginal,Marginal
Norte,Tarouca,"366,00","90,00","36,00","240,00","13,00","3,55","9,00","1,00","3,00","0,00","0,00","44,48","35,12","19,82","10,68","0,00","9,04","3,87","14,32","14,81","14,31","65,66","2,77","19,82",Marginal,Marginal
Norte,Terras de Bouro,"366,00","104,00","36,00","226,00","25,00","6,83","9,00","0,00","16,00","0,00","0,00","45,78","34,63","20,74","10,55","0,00","9,04","3,97","14,93","15,41","14,84","73,08","5,08","20,74",Marginal,Marginal
Norte,Torre de Moncorvo,"366,00","90,00","36,00","240,00","13,00","3,55","9,00","1,00","3,00","0,00","0,00","44,46","35,11","19,82","10,68","0,00","9,02","3,87","14,32","14,81","14,31","65,66","2,77","19,82",Marginal,Marginal
Norte,Trofa,"366,00","104,00","27,00","235,00","25,00","6,83","7,00","5,00","13,00","0,00","0,00","44,83","34,25","19,89","9,81","0,00","8,97","3,77","13,86","14,45","13,82","72,47","4,64","19,89",Marginal,Marginal
Norte,Vale de Cambra,"366,00","143,00","33,00","190,00","16,00","4,37","1,00","0,00","15,00","0,00","0,00","53,83","40,44","20,72","11,63","0,00","9,14","4,02","15,29","15,80","15,26","71,65","4,98","20,72",Aceitável,Marginal
Norte,Valenca,"366,00","138,00","19,00","209,00","11,00","3,01","0,00","0,00","11,00","0,00","0,00","50,63","37,85","18,66","11,28","0,00","8,63","3,82","14,15","14,91","14,11","77,62","5,04","18,66",Aceitável,Marginal
Norte,Valongo,"366,00","153,00","34,00","179,00","9,00","2,46","1,00","0,00","8,00","0,00","0,00","56,61","41,87","20,38","12,46","0,00","9,13","4,09","15,66","16,20","15,61","70,04","4,41","20,38",Aceitável,Marginal
Norte,Valpacos,"366,00","100,00","12,00","254,00","49,00","13,39","22,00","25,00","2,00","0,00","0,00","42,54","33,34","20,73","8,53","0,00","8,97","3,68","13,60","14,03","13,63","70,71","2,27","20,73",Marginal,Marginal
Norte,Viana do Castelo,"366,00","146,00","18,00","202,00","8,00","2,19","0,00","0,00","8,00","0,00","0,00","53,84","41,22","18,56","12,38","0,00","9,00","3,95","14,61","15,50","14,58","77,49","4,24","18,56",Aceitável,Marginal
Norte,Vieira do Minho,"366,00","104,00","27,00","235,00","25,00","6,83","7,00","5,00","13,00","0,00","0,00","44,83","34,25","19,89","9,81","0,00","8,96","3,77","13,86","14,45","13,82","72,47","4,64","19,89",Marginal,Marginal
Norte,Vila Flor,"366,00","133,00","39,00","194,00","16,00","4,37","11,00","0,00","5,00","0,00","0,00","51,79","38,80","21,96","10,96","0,00","9,20","3,99","15,33","15,83","15,30","74,24","3,37","21,96",Aceitável,Marginal
Norte,Vila Nova de Cerveira,"366,00","126,00","36,00","204,00","17,00","4,64","3,00","0,00","14,00","0,00","0,00","49,66","37,06","20,72","11,00","0,00","8,85","3,97","15,10","15,66","15,02","74,70","5,01","20,72",Marginal,Marginal
Norte,Vila Nova de Famalicao,"366,00","136,00","36,00","194,00","11,00","3,01","3,00","0,00","8,00","0,00","0,00","52,68","38,96","20,71","11,64","0,00","9,01","4,04","15,37","15,86","15,33","71,90","4,25","20,71",Aceitável,Marginal
Norte,Vila Nova de Foz Coa,"366,00","90,00","36,00","240,00","13,00","3,55","9,00","1,00","3,00","0,00","0,00","44,48","35,12","19,82","10,68","0,00","9,05","3,87","14,32","14,81","14,31","65,66","2,77","19,82",Marginal,Marginal
Norte,Vila Nova de Gaia,"366,00","159,00","23,00","184,00","5,00","1,37","0,00","0,00","5,00","0,00","0,00","57,91","42,93","18,87","13,05","0,00","9,17","4,04","15,29","15,98","15,24","73,11","3,87","18,87",Aceitável,Marginal
Norte,Vila Pouca de Aguiar,"366,00","90,00","36,00","240,00","13,00","3,55","9,00","1,00","3,00","0,00","0,00","44,48","35,12","19,82","10,68","0,00","9,08","3,87","14,32","14,81","14,31","65,66","2,77","19,82",Marginal,Marginal
Norte,Vila Real,"366,00","90,00","36,00","240,00","13,00","3,55","9,00","1,00","3,00","0,00","0,00","44,48","35,12","19,82","10,68","0,00","9,06","3,87","14,32","14,81","14,31","65,66","2,77","19,82",Marginal,Marginal
Norte,Vila Verde,"366,00","104,00","36,00","226,00","25,00","6,83","9,00","0,00","16,00","0,00","0,00","45,78","34,63","20,74","10,55","0,00","9,03","3,97","14,93","15,41","14,84","73,08","5,08","20,74",Marginal,Marginal
Norte,Vila do Conde,"366,00","138,00","17,00","211,00","5,00","1,37","0,00","0,00","5,00","0,00","0,00","53,21","40,34","18,30","13,08","0,00","9,00","3,93","15,00","15,75","14,97","77,14","4,01","18,30",Aceitável,Marginal
Norte,Vimioso,"366,00","79,00","33,00","254,00","41,00","11,20","11,00","30,00","0,00","0,00","0,00","41,92","33,32","19,49","8,87","0,00","9,45","3,66","12,87","13,71","12,92","65,54","2,00","19,49",Marginal,Marginal
Norte,Vinhais,"366,00","81,00","27,00","258,00","43,00","11,75","8,00","34,00","1,00","0,00","0,00","40,37","32,50","19,38","7,80","0,00","9,14","3,54","12,43","13,19","12,48","68,15","2,17","19,38",Marginal,Marginal
Norte,Vizela,"366,00","112,00","33,00","221,00","17,00","4,64","8,00","0,00","9,00","0,00","0,00","47,59","36,34","20,90","10,56","0,00","8,95","3,95","14,78","15,31","14,73","72,01","4,35","20,90",Marginal,Marginal
Região Autónoma da Madeira,Calheta [R.A.M.],"366,00","128,00","18,00","220,00","9,00","2,46","0,00","0,00","9,00","0,00","0,00","51,25","41,63","17,67","11,42","0,00","8,65","3,57","13,69","14,42","13,66","77,62","3,93","17,67",Aceitável,Marginal
Região Autónoma da Madeira,Camara de Lobos,"366,00","128,00","18,00","220,00","9,00","2,46","0,00","0,00","9,00","0,00","0,00","51,28","41,64","17,67","11,42","0,00","8,66","3,57","13,69","14,42","13,66","77,62","3,93","17,67",Aceitável,Marginal
Região Autónoma da Madeira,Funchal,"366,00","128,00","18,00","220,00","9,00","2,46","0,00","0,00","9,00","0,00","0,00","51,28","41,64","17,67","11,42","0,00","8,67","3,57","13,69","14,42","13,66","77,62","3,93","17,67",Aceitável,Marginal
Região Autónoma da Madeira,Machico,"366,00","211,00","29,00","126,00","3,00","0,82","0,00","0,00","3,00","0,00","0,00","71,80","54,02","20,94","16,85","0,00","8,75","4,56","18,93","19,31","18,61","75,59","2,53","20,94",Muito Bom,Aceitável
Região Autónoma da Madeira,Ponta do Sol,"366,00","128,00","18,00","220,00","9,00","2,46","0,00","0,00","9,00","0,00","0,00","51,25","41,63","17,67","11,42","0,00","8,66","3,57","13,69","14,42","13,66","77,62","3,93","17,67",Aceitável,Marginal
Região Autónoma da Madeira,Porto Moniz,"366,00","128,00","18,00","220,00","9,00","2,46","0,00","0,00","9,00","0,00","0,00","51,25","41,63","17,67","11,42","0,00","8,66","3,57","13,69","14,42","13,66","77,62","3,93","17,67",Aceitável,Marginal
Região Autónoma da Madeira,Porto Santo,"366,00","203,00","25,00","138,00","1,00","0,27","0,00","0,00","1,00","0,00","0,00","69,92","52,06","20,09","19,16","0,00","8,75","4,63","20,15","20,50","19,58","75,03","0,94","20,09",Bom,Aceitável
Região Autónoma da Madeira,Ribeira Brava,"366,00","128,00","18,00","220,00","9,00","2,46","0,00","0,00","9,00","0,00","0,00","51,25","41,63","17,67","11,42","0,00","8,66","3,57","13,69","14,42","13,66","77,62","3,93","17,67",Aceitável,Marginal
Região Autónoma da Madeira,Santa Cruz,"366,00","211,00","29,00","126,00","3,00","0,82","0,00","0,00","3,00","0,00","0,00","71,80","54,02","20,94","16,85","0,00","8,74","4,56","18,93","19,31","18,61","75,59","2,53","20,94",Muito Bom,Aceitável
Região Autónoma da Madeira,Santana,"366,00","128,00","18,00","220,00","9,00","2,46","0,00","0,00","9,00","0,00","0,00","51,28","41,64","17,67","11,42","0,00","8,69","3,57","13,69","14,42","13,66","77,62","3,93","17,67",Aceitável,Marginal
Região Autónoma da Madeira,Sao Vicente,"366,00","143,00","33,00","190,00","16,00","4,37","1,00","0,00","15,00","0,00","0,00","53,83","40,44","20,72","11,63","0,00","9,15","4,02","15,29","15,80","15,26","71,65","4,98","20,72",Aceitável,Marginal
Região Autónoma dos Açores,Angra do Heroismo,"366,00","148,00","9,00","209,00","14,00","3,83","0,00","0,00","14,00","0,00","0,00","54,40","45,68","18,84","15,93","0,00","6,95","4,04","17,07","17,81","16,81","79,75","5,18","18,84",Aceitável,Marginal
Região Autónoma dos Açores,Calheta [R.A.A.],"366,00","128,00","18,00","220,00","9,00","2,46","0,00","0,00","9,00","0,00","0,00","51,25","41,63","17,67","11,42","0,00","8,65","3,57","13,69","14,42","13,66","77,62","3,93","17,67",Aceitável,Marginal
Região Autónoma dos Açores,Corvo,"366,00","154,00","15,00","197,00","3,00","0,82","0,00","0,00","3,00","0,00","0,00","56,95","45,10","19,54","17,73","0,00","6,68","4,26","18,81","19,29","18,28","77,66","5,08","19,54",Aceitável,Marginal
Região Autónoma dos Açores,Horta,"366,00","162,00","13,00","191,00","8,00","2,19","0,00","0,00","8,00","0,00","0,00","58,29","46,48","19,51","17,58","0,00","6,89","4,24","18,66","19,17","18,18","78,33","5,15","19,51",Aceitável,Marginal
Região Autónoma dos Açores,Lagoa [R.A.A.],"366,00","145,00","51,00","170,00","3,00","0,82","0,00","0,00","3,00","0,00","0,00","59,05","42,78","21,69","14,29","0,00","10,09","4,50","17,42","17,98","17,24","70,93","2,15","21,69",Aceitável,Marginal
Região Autónoma dos Açores,Lajes das Flores,"366,00","154,00","15,00","197,00","3,00","0,82","0,00","0,00","3,00","0,00","0,00","56,95","45,10","19,54","17,73","0,00","6,68","4,26","18,81","19,29","18,28","77,66","5,08","19,54",Aceitável,Marginal
Região Autónoma dos Açores,Lajes do Pico,"366,00","142,00","12,00","212,00","5,00","1,37","0,00","0,00","5,00","0,00","0,00","54,30","45,40","18,93","16,60","0,00","6,80","4,11","17,65","18,31","17,28","78,50","4,53","18,93",Aceitável,Marginal
Região Autónoma dos Açores,Madalena,"366,00","123,00","34,00","209,00","15,00","4,10","6,00","0,00","9,00","0,00","0,00","50,13","37,80","20,59","11,29","0,00","9,04","3,99","15,08","15,58","15,03","70,91","4,52","20,59",Aceitável,Marginal
Região Autónoma dos Açores,Nordeste,"366,00","177,00","6,00","183,00","5,00","1,37","0,00","0,00","5,00","0,00","0,00","60,44","48,70","19,70","17,01","0,00","7,67","4,28","18,37","18,92","17,96","78,83","3,89","19,70",Bom,Marginal
Região Autónoma dos Açores,Ponta Delgada,"366,00","177,00","6,00","183,00","5,00","1,37","0,00","0,00","5,00","0,00","0,00","60,44","48,69","19,70","17,01","0,00","7,69","4,28","18,37","18,92","17,96","78,83","3,89","19,70",Bom,Marginal
Região Autónoma dos Açores,Povoacao,"366,00","136,00","36,00","194,00","11,00","3,01","3,00","0,00","8,00","0,00","0,00","52,68","38,96","20,71","11,64","0,00","9,00","4,04","15,37","15,86","15,33","71,90","4,25","20,71",Aceitável,Marginal
Região Autónoma dos Açores,Ribeira Grande,"366,00","162,00","13,00","191,00","8,00","2,19","0,00","0,00","8,00","0,00","0,00","58,26","46,47","19,51","17,58","0,00","6,89","4,24","18,66","19,17","18,18","78,33","5,15","19,51",Aceitável,Marginal
Região Autónoma dos Açores,Santa Cruz da Graciosa,"366,00","142,00","12,00","212,00","5,00","1,37","0,00","0,00","5,00","0,00","0,00","54,30","45,39","18,93","16,60","0,00","6,80","4,11","17,65","18,31","17,28","78,50","4,53","18,93",Aceitável,Marginal
Região Autónoma dos Açores,Santa Cruz das Flores,"366,00","154,00","15,00","197,00","3,00","0,82","0,00","0,00","3,00","0,00","0,00","56,95","45,10","19,54","17,73","0,00","6,67","4,26","18,81","19,29","18,28","77,66","5,08","19,54",Aceitável,Marginal
Região Autónoma dos Açores,Sao Roque do Pico,"366,00","142,00","12,00","212,00","5,00","1,37","0,00","0,00","5,00","0,00","0,00","54,30","45,40","18,93","16,60","0,00","6,80","4,11","17,65","18,31","17,28","78,50","4,53","18,93",Aceitável,Marginal
Região Autónoma dos Açores,Velas,"366,00","142,00","12,00","212,00","5,00","1,37","0,00","0,00","5,00","0,00","0,00","54,30","45,40","18,93","16,60","0,00","6,80","4,11","17,65","18,31","17,28","78,50","4,53","18,93",Aceitável,Marginal
Região Autónoma dos Açores,Vila Franca do Campo,"366,00","177,00","6,00","183,00","5,00","1,37","0,00","0,00","5,00","0,00","0,00","60,44","48,69","19,70","17,01","0,00","7,68","4,28","18,37","18,92","17,96","78,83","3,89","19,70",Bom,Marginal
Região Autónoma dos Açores,Vila da Praia da Vitoria,"366,00","159,00","8,00","199,00","0,00","0,00","0,00","0,00","0,00","0,00","0,00","57,01","45,32","19,34","16,12","0,00","6,74","4,07","17,56","18,20","17,23","78,88","3,80","19,34",Aceitável,Marginal
Região Autónoma dos Açores,Vila do Porto,"366,00","138,00","17,00","211,00","5,00","1,37","0,00","0,00","5,00","0,00","0,00","53,21","40,34","18,30","13,08","0,00","9,00","3,93","15,00","15,75","14,97","77,14","4,01","18,30",Aceitável,Marginal
Área Metropolitana de Lisboa,Alcochete,"366,00","156,00","49,00","161,00","4,00","1,09","3,00","0,00","1,00","0,00","0,00","60,74","44,82","21,83","13,55","0,00","9,71","4,37","16,77","17,42","16,69","71,78","2,18","21,83",Bom,Marginal
Área Metropolitana de Lisboa,Almada,"366,00","163,00","41,00","162,00","3,00","0,82","1,00","0,00","2,00","0,00","0,00","61,77","45,58","21,59","13,94","0,00","9,76","4,40","16,97","17,55","16,89","71,74","2,23","21,59",Bom,Marginal
Área Metropolitana de Lisboa,Amadora,"366,00","164,00","26,00","176,00","10,00","2,73","5,00","0,00","5,00","0,00","2,00","59,64","45,33","21,29","13,79","0,00","9,54","4,33","16,74","17,32","16,66","69,25","2,49","21,29",Aceitável,Marginal
Área Metropolitana de Lisboa,Barreiro,"366,00","163,00","41,00","162,00","3,00","0,82","1,00","0,00","2,00","0,00","0,00","61,77","45,58","21,59","13,94","0,00","9,76","4,40","16,97","17,55","16,89","71,74","2,23","21,59",Bom,Marginal
Área Metropolitana de Lisboa,Cascais,"366,00","177,00","16,00","173,00","5,00","1,37","0,00","0,00","5,00","0,00","0,00","61,38","47,11","19,44","14,90","0,00","9,74","4,28","16,50","17,18","16,44","77,04","2,67","19,44",Bom,Marginal
Área Metropolitana de Lisboa,Lisboa,"366,00","167,00","34,00","165,00","5,00","1,37","0,00","0,00","5,00","0,00","0,00","61,63","46,41","21,16","14,00","0,00","9,66","4,34","16,71","17,33","16,64","71,08","2,49","21,16",Bom,Marginal
Área Metropolitana de Lisboa,Loures,"366,00","167,00","34,00","165,00","5,00","1,37","0,00","0,00","5,00","0,00","0,00","61,63","46,41","21,16","14,00","0,00","9,66","4,34","16,71","17,33","16,64","71,08","2,49","21,16",Bom,Marginal
Área Metropolitana de Lisboa,Mafra,"366,00","174,00","20,00","172,00","2,00","0,55","0,00","0,00","2,00","0,00","0,00","60,01","45,71","19,59","13,09","0,00","9,38","4,03","15,38","16,28","15,36","76,49","2,77","19,59",Bom,Marginal
Área Metropolitana de Lisboa,Moita,"366,00","156,00","49,00","161,00","4,00","1,09","3,00","0,00","1,00","0,00","0,00","60,74","44,82","21,83","13,55","0,00","9,71","4,37","16,77","17,42","16,69","71,78","2,18","21,83",Bom,Marginal
Área Metropolitana de Lisboa,Montijo,"366,00","156,00","49,00","161,00","4,00","1,09","3,00","0,00","1,00","0,00","0,00","60,71","44,81","21,83","13,55","0,00","9,71","4,37","16,77","17,42","16,69","71,78","2,18","21,83",Bom,Marginal
Área Metropolitana de Lisboa,Odivelas,"366,00","167,00","34,00","165,00","5,00","1,37","0,00","0,00","5,00","0,00","0,00","61,63","46,41","21,16","14,00","0,00","9,66","4,34","16,71","17,33","16,64","71,08","2,49","21,16",Bom,Marginal
Área Metropolitana de Lisboa,Oeiras,"366,00","179,00","23,00","164,00","5,00","1,37","0,00","0,00","5,00","0,00","0,00","63,20","48,19","20,32","14,40","0,00","9,61","4,34","16,61","17,33","16,55","72,78","2,65","20,32",Bom,Marginal
Área Metropolitana de Lisboa,Palmela,"366,00","145,00","57,00","164,00","9,00","2,46","5,00","0,00","4,00","0,00","0,00","58,02","42,78","22,02","13,43","0,00","9,53","4,35","16,75","17,42","16,68","71,64","2,51","22,02",Aceitável,Marginal
Área Metropolitana de Lisboa,Seixal,"366,00","174,00","20,00","172,00","2,00","0,55","0,00","0,00","2,00","0,00","0,00","60,01","45,71","19,59","13,09","0,00","9,38","4,03","15,38","16,28","15,36","76,49","2,77","19,59",Bom,Marginal
Área Metropolitana de Lisboa,Sesimbra,"366,00","145,00","57,00","164,00","9,00","2,46","5,00","0,00","4,00","0,00","0,00","58,02","42,77","22,02","13,43","0,00","9,54","4,35","16,75","17,42","16,68","71,64","2,51","22,02",Aceitável,Marginal
Área Metropolitana de Lisboa,Setubal,"366,00","145,00","57,00","164,00","9,00","2,46","5,00","0,00","4,00","0,00","0,00","58,02","42,77","22,02","13,43","0,00","9,54","4,35","16,75","17,42","16,68","71,64","2,51","22,02",Aceitável,Marginal
Área Metropolitana de Lisboa,Sintra,"366,00","179,00","19,00","168,00","5,00","1,37","0,00","0,00","5,00","0,00","0,00","61,09","46,69","19,73","13,37","0,00","9,62","4,11","15,60","16,53","15,55","75,31","2,96","19,73",Bom,Marginal
Área Metropolitana de Lisboa,Vila Franca de Xira,"366,00","146,00","37,00","183,00","10,00","2,73","8,00","0,00","2,00","0,00","0,00","56,76","42,38","21,87","12,71","0,00","9,61","4,22","16,11","16,76","16,08","72,35","2,25","21,87",Aceitável,Marginal
